block,plot,square,spp,status,damagetype,degree,damagecat,damagecont,dbh_cm,ba_m2,trmt,uniq_square,uniq_plot
1,1,1,ARSP,L,B,S,BS,3,5.15,0.0021,N,1_1_1_N,1_1_N
1,1,1,LITU,L,B,M,BM,3,4.91,0.0019,N,1_1_1_N,1_1_N
1,1,1,PRPE,L,B,S,BS,3,15.35,0.0185,N,1_1_1_N,1_1_N
1,1,1,PRPE,D,T,S,TS,4,11.49,0.0104,N,1_1_1_N,1_1_N
1,1,1,PRPE,L,S,P,SP,6,9.73,0.0074,N,1_1_1_N,1_1_N
1,1,1,ARSP,L,T,P,TP,7,7.1,0.004,N,1_1_1_N,1_1_N
1,1,1,PRPE,D,B,E,BE,7,9.82,0.0076,N,1_1_1_N,1_1_N
1,1,1,PRPE,L,B,E,BE,7,7.13,0.004,N,1_1_1_N,1_1_N
1,1,1,PRPE,L,B,P,BP,7,8.1,0.0052,N,1_1_1_N,1_1_N
1,1,1,PRPE,D,T,P,TP,7,5,0.002,N,1_1_1_N,1_1_N
1,1,1,PRPE,D,T,P,TP,7,12.68,0.0126,N,1_1_1_N,1_1_N
1,1,1,PRPE,D,T,P,TP,7,9.49,0.0071,N,1_1_1_N,1_1_N
1,1,1,PRPE,D,T,P,TP,7,12.5,0.0123,N,1_1_1_N,1_1_N
1,1,1,PRPE,D,T,P,TP,7,12.59,0.0124,N,1_1_1_N,1_1_N
1,1,1,PRPE,L,T,P,TP,7,8.61,0.0058,N,1_1_1_N,1_1_N
1,1,7,LITU,L,B,S,BS,3,3.45,0.0009,N,1_1_7_N,1_1_N
1,1,7,PRPE,L,B,S,BS,3,9.39,0.0069,N,1_1_7_N,1_1_N
1,1,7,PRPE,L,B,S,BS,3,16.95,0.0226,N,1_1_7_N,1_1_N
1,1,7,PRPE,L,B,S,BS,3,14.47,0.0164,N,1_1_7_N,1_1_N
1,1,7,BELE,L,B,E,BE,7,5.69,0.0025,N,1_1_7_N,1_1_N
1,1,7,PRPE,D,T,P,TP,7,11.06,0.0096,N,1_1_7_N,1_1_N
1,1,7,PRPE,D,B,E,BE,7,10.4,0.0085,N,1_1_7_N,1_1_N
1,1,7,PRSE,L,B,P,BP,7,3.66,0.0011,N,1_1_7_N,1_1_N
1,1,8,ARSP,L,B,M,BM,3,5.17,0.0021,N,1_1_8_N,1_1_N
1,1,8,PRPE,L,B,S,BS,3,14.61,0.0168,N,1_1_8_N,1_1_N
1,1,8,PRPE,D,B,S,BS,3,4.91,0.0019,N,1_1_8_N,1_1_N
1,1,8,PRPE,L,B,M,BM,3,14.25,0.0159,N,1_1_8_N,1_1_N
1,1,8,PRPE,D,B,P,BP,7,4.19,0.0014,N,1_1_8_N,1_1_N
1,1,10,BELE,L,B,S,BS,3,6.61,0.0034,N,1_1_10_N,1_1_N
1,1,10,LITU,L,B,S,BS,3,7.45,0.0044,N,1_1_10_N,1_1_N
1,1,10,LITU,L,B,S,BS,3,3.4,0.0009,N,1_1_10_N,1_1_N
1,1,10,LITU,L,B,M,BM,3,3.56,0.001,N,1_1_10_N,1_1_N
1,1,10,PRPE,L,B,S,BS,3,10.45,0.0086,N,1_1_10_N,1_1_N
1,1,10,PRPE,D,B,M,BM,3,9.57,0.0072,N,1_1_10_N,1_1_N
1,1,10,PRPE,L,B,M,BM,3,11.01,0.0095,N,1_1_10_N,1_1_N
1,1,10,ACRU,L,B,E,BE,7,3.89,0.0012,N,1_1_10_N,1_1_N
1,1,10,BELE,D,B,E,BE,7,3.81,0.0011,N,1_1_10_N,1_1_N
1,1,10,PRPE,D,B,E,BE,7,8,0.005,N,1_1_10_N,1_1_N
1,1,12,MAFR,L,B,P,BP,7,11.44,0.0103,N,1_1_12_N,1_1_N
1,1,12,PRPE,L,B,E,BE,7,12.31,0.0119,N,1_1_12_N,1_1_N
1,1,12,PRPE,D,T,P,TP,7,10.49,0.0086,N,1_1_12_N,1_1_N
1,2,1,PRPE,L,B,M,BM,3,9.43,0.007,NL,1_2_1_NL,1_2_NL
1,2,1,PRPE,L,B,S,BS,3,8.2,0.0053,NL,1_2_1_NL,1_2_NL
1,2,1,PRPE,L,B,S,BS,3,13.75,0.0148,NL,1_2_1_NL,1_2_NL
1,2,1,PRPE,D,T,E,TE,7,10.84,0.0092,NL,1_2_1_NL,1_2_NL
1,2,1,PRPE,D,T,P,TP,7,11.15,0.0098,NL,1_2_1_NL,1_2_NL
1,2,1,PRPE,D,B,E,BE,7,11.8,0.0109,NL,1_2_1_NL,1_2_NL
1,2,3,LITU,L,B,M,BM,3,2.87,0.0006,NL,1_2_3_NL,1_2_NL
1,2,3,LITU,L,B,M,BM,3,4.01,0.0013,NL,1_2_3_NL,1_2_NL
1,2,3,LITU,L,B,M,BM,3,4.39,0.0015,NL,1_2_3_NL,1_2_NL
1,2,3,PRPE,L,B,S,BS,3,15.27,0.0183,NL,1_2_3_NL,1_2_NL
1,2,3,PRPE,D,B,M,BM,3,7.8,0.0048,NL,1_2_3_NL,1_2_NL
1,2,3,PRPE,L,B,S,BS,3,13.12,0.0135,NL,1_2_3_NL,1_2_NL
1,2,3,PRPE,L,B,M,BM,3,7.78,0.0048,NL,1_2_3_NL,1_2_NL
1,2,3,PRPE,L,B,M,BM,3,9.65,0.0073,NL,1_2_3_NL,1_2_NL
1,2,3,BELE,D,S,P,SP,6,6.81,0.0036,NL,1_2_3_NL,1_2_NL
1,2,3,PRPE,D,S,P,SP,6,5.89,0.0027,NL,1_2_3_NL,1_2_NL
1,2,3,PRPE,D,S,P,SP,6,14.99,0.0176,NL,1_2_3_NL,1_2_NL
1,2,3,PRPE,D,S,P,SP,6,12.25,0.0118,NL,1_2_3_NL,1_2_NL
1,2,3,PRPE,L,S,P,SP,6,10.45,0.0086,NL,1_2_3_NL,1_2_NL
1,2,3,LITU,L,B,P,BP,7,3.95,0.0012,NL,1_2_3_NL,1_2_NL
1,2,3,PRPE,D,T,P,TP,7,11.22,0.0099,NL,1_2_3_NL,1_2_NL
1,2,3,PRPE,D,T,E,TE,7,4.48,0.0016,NL,1_2_3_NL,1_2_NL
1,2,3,PRPE,L,B,P,BP,7,7.17,0.004,NL,1_2_3_NL,1_2_NL
1,2,3,PRPE,D,T,P,TP,7,10.75,0.0091,NL,1_2_3_NL,1_2_NL
1,2,3,PRPE,D,T,E,TE,7,5,0.002,NL,1_2_3_NL,1_2_NL
1,2,3,PRPE,D,B,P,BP,7,6.11,0.0029,NL,1_2_3_NL,1_2_NL
1,2,3,PRPE,D,T,P,TP,7,7.39,0.0043,NL,1_2_3_NL,1_2_NL
1,2,4,ARSP,L,B,S,BS,3,3.45,0.0009,NL,1_2_4_NL,1_2_NL
1,2,4,BELE,L,B,M,BM,3,6.67,0.0035,NL,1_2_4_NL,1_2_NL
1,2,4,BELE,D,B,S,BS,3,3.15,0.0008,NL,1_2_4_NL,1_2_NL
1,2,4,LITU,L,B,S,BS,3,3.55,0.001,NL,1_2_4_NL,1_2_NL
1,2,4,LITU,L,B,S,BS,3,3.45,0.0009,NL,1_2_4_NL,1_2_NL
1,2,4,PRPE,D,B,S,BS,3,8.7,0.0059,NL,1_2_4_NL,1_2_NL
1,2,4,PRPE,L,T,S,TS,4,13.4,0.0141,NL,1_2_4_NL,1_2_NL
1,2,4,PRPE,D,T,M,TM,4,12.45,0.0122,NL,1_2_4_NL,1_2_NL
1,2,4,PRPE,D,S,P,SP,6,5.4,0.0023,NL,1_2_4_NL,1_2_NL
1,2,4,PRPE,D,S,P,SP,6,6.81,0.0036,NL,1_2_4_NL,1_2_NL
1,2,4,PRPE,L,S,P,SP,6,9.88,0.0077,NL,1_2_4_NL,1_2_NL
1,2,4,PRPE,D,S,P,SP,6,15.19,0.0181,NL,1_2_4_NL,1_2_NL
1,2,4,BELE,D,T,P,TP,7,4.71,0.0017,NL,1_2_4_NL,1_2_NL
1,2,4,PRPE,D,T,P,TP,7,11.08,0.0096,NL,1_2_4_NL,1_2_NL
1,2,4,PRPE,D,T,P,TP,7,8.87,0.0062,NL,1_2_4_NL,1_2_NL
1,2,4,PRPE,D,T,P,TP,7,9.79,0.0075,NL,1_2_4_NL,1_2_NL
1,2,4,PRPE,D,T,P,TP,7,6.77,0.0036,NL,1_2_4_NL,1_2_NL
1,2,5,LITU,L,B,S,BS,3,4.35,0.0015,NL,1_2_5_NL,1_2_NL
1,2,5,ARSP,L,T,S,TS,4,3.49,0.001,NL,1_2_5_NL,1_2_NL
1,2,5,PRPE,D,S,P,SP,6,12.9,0.0131,NL,1_2_5_NL,1_2_NL
1,2,5,PRPE,D,S,P,SP,6,5.75,0.0026,NL,1_2_5_NL,1_2_NL
1,2,5,PRPE,D,T,P,TP,7,9.43,0.007,NL,1_2_5_NL,1_2_NL
1,2,5,PRPE,D,T,E,TE,7,8.83,0.0061,NL,1_2_5_NL,1_2_NL
1,2,5,PRPE,D,T,P,TP,7,6.49,0.0033,NL,1_2_5_NL,1_2_NL
1,2,8,PRPE,D,B,S,BS,3,4.35,0.0015,NL,1_2_8_NL,1_2_NL
1,2,8,PRPE,D,B,S,BS,3,3.35,0.0009,NL,1_2_8_NL,1_2_NL
1,2,8,PRPE,L,B,M,BM,3,11.08,0.0096,NL,1_2_8_NL,1_2_NL
1,2,8,PRPE,D,B,S,BS,3,5.9,0.0027,NL,1_2_8_NL,1_2_NL
1,2,8,PRPE,L,B,M,BM,3,12.59,0.0124,NL,1_2_8_NL,1_2_NL
1,2,8,PRPE,L,B,M,BM,3,4.74,0.0018,NL,1_2_8_NL,1_2_NL
1,2,8,QUPR,L,B,M,BM,3,4.85,0.0018,NL,1_2_8_NL,1_2_NL
1,2,8,PRPE,D,S,P,SP,6,4.96,0.0019,NL,1_2_8_NL,1_2_NL
1,2,8,PRPE,D,S,E,SE,6,4.5,0.0016,NL,1_2_8_NL,1_2_NL
1,2,8,BELE,L,B,P,BP,7,3.19,0.0008,NL,1_2_8_NL,1_2_NL
1,2,9,LITU,L,B,M,BM,3,3.2,0.0008,NL,1_2_9_NL,1_2_NL
1,2,9,PRPE,L,B,S,BS,3,9.8,0.0075,NL,1_2_9_NL,1_2_NL
1,2,9,PRPE,D,B,S,BS,3,4.9,0.0019,NL,1_2_9_NL,1_2_NL
1,2,9,PRPE,L,T,S,TS,4,13.38,0.0141,NL,1_2_9_NL,1_2_NL
1,2,9,PRPE,D,S,P,SP,6,5.75,0.0026,NL,1_2_9_NL,1_2_NL
1,2,9,PRPE,D,S,P,SP,6,4.99,0.002,NL,1_2_9_NL,1_2_NL
1,2,9,LITU,L,B,E,BE,7,2.9,0.0007,NL,1_2_9_NL,1_2_NL
1,2,9,PRPE,L,B,E,BE,7,8.75,0.006,NL,1_2_9_NL,1_2_NL
1,2,9,PRPE,D,T,P,TP,7,13.91,0.0152,NL,1_2_9_NL,1_2_NL
1,2,9,PRPE,L,T,P,TP,7,11.08,0.0096,NL,1_2_9_NL,1_2_NL
1,3,2,BELE,L,B,M,BM,3,5.04,0.002,Ref,1_3_2_Ref,1_3_Ref
1,3,2,BELE,L,B,M,BM,3,8.63,0.0058,Ref,1_3_2_Ref,1_3_Ref
1,3,2,LITU,L,B,M,BM,3,2.65,0.0006,Ref,1_3_2_Ref,1_3_Ref
1,3,2,PRPE,L,B,M,BM,3,4.96,0.0019,Ref,1_3_2_Ref,1_3_Ref
1,3,2,PRPE,L,B,S,BS,3,5.5,0.0024,Ref,1_3_2_Ref,1_3_Ref
1,3,2,PRPE,D,B,S,BS,3,5.4,0.0023,Ref,1_3_2_Ref,1_3_Ref
1,3,2,PRPE,D,B,S,BS,3,4.87,0.0019,Ref,1_3_2_Ref,1_3_Ref
1,3,2,LITU,L,B,E,BE,7,2.98,0.0007,Ref,1_3_2_Ref,1_3_Ref
1,3,2,LITU,L,B,P,BP,7,3.1,0.0008,Ref,1_3_2_Ref,1_3_Ref
1,3,2,LITU,L,B,P,BP,7,3.61,0.001,Ref,1_3_2_Ref,1_3_Ref
1,3,2,LITU,L,B,P,BP,7,2.84,0.0006,Ref,1_3_2_Ref,1_3_Ref
1,3,2,LITU,L,B,P,BP,7,4.39,0.0015,Ref,1_3_2_Ref,1_3_Ref
1,3,2,PRPE,L,T,E,TE,7,11,0.0095,Ref,1_3_2_Ref,1_3_Ref
1,3,2,PRPE,D,B,E,BE,7,3.87,0.0012,Ref,1_3_2_Ref,1_3_Ref
1,3,2,PRPE,D,T,P,TP,7,12,0.0113,Ref,1_3_2_Ref,1_3_Ref
1,3,2,PRPE,L,T,P,TP,7,6.3,0.0031,Ref,1_3_2_Ref,1_3_Ref
1,3,2,PRPE,D,T,P,TP,7,10.95,0.0094,Ref,1_3_2_Ref,1_3_Ref
1,3,5,BELE,L,B,M,BM,3,3.31,0.0009,Ref,1_3_5_Ref,1_3_Ref
1,3,5,LITU,L,B,S,BS,3,3.87,0.0012,Ref,1_3_5_Ref,1_3_Ref
1,3,5,LITU,L,B,M,BM,3,8.14,0.0052,Ref,1_3_5_Ref,1_3_Ref
1,3,5,LITU,L,B,M,BM,3,3.38,0.0009,Ref,1_3_5_Ref,1_3_Ref
1,3,5,LITU,L,B,M,BM,3,3.81,0.0011,Ref,1_3_5_Ref,1_3_Ref
1,3,5,LITU,L,B,M,BM,3,3.35,0.0009,Ref,1_3_5_Ref,1_3_Ref
1,3,5,LITU,L,B,S,BS,3,3.35,0.0009,Ref,1_3_5_Ref,1_3_Ref
1,3,5,PRPE,D,B,S,BS,3,3.71,0.0011,Ref,1_3_5_Ref,1_3_Ref
1,3,5,PRPE,L,B,S,BS,3,5.43,0.0023,Ref,1_3_5_Ref,1_3_Ref
1,3,5,LITU,L,T,M,TM,4,3.29,0.0009,Ref,1_3_5_Ref,1_3_Ref
1,3,5,LITU,L,T,M,TM,4,3.29,0.0009,Ref,1_3_5_Ref,1_3_Ref
1,3,5,LITU,L,T,S,TS,4,3.1,0.0008,Ref,1_3_5_Ref,1_3_Ref
1,3,5,PRPE,D,T,S,TS,4,8.14,0.0052,Ref,1_3_5_Ref,1_3_Ref
1,3,5,PRPE,L,T,S,TS,4,7.2,0.0041,Ref,1_3_5_Ref,1_3_Ref
1,3,5,PRPE,L,T,S,TS,4,6.49,0.0033,Ref,1_3_5_Ref,1_3_Ref
1,3,5,PRPE,D,T,M,TM,4,3.99,0.0013,Ref,1_3_5_Ref,1_3_Ref
1,3,5,PRPE,D,T,M,TM,4,3.6,0.001,Ref,1_3_5_Ref,1_3_Ref
1,3,5,PRPE,L,T,S,TS,4,7.15,0.004,Ref,1_3_5_Ref,1_3_Ref
1,3,5,PRPE,D,S,P,SP,6,6.43,0.0032,Ref,1_3_5_Ref,1_3_Ref
1,3,5,PRPE,L,S,E,SE,6,8.85,0.0062,Ref,1_3_5_Ref,1_3_Ref
1,3,5,PRPE,D,S,E,SE,6,8.65,0.0059,Ref,1_3_5_Ref,1_3_Ref
1,3,5,PRPE,L,T,E,TE,7,11.01,0.0095,Ref,1_3_5_Ref,1_3_Ref
1,3,5,PRPE,D,T,E,TE,7,8.82,0.0061,Ref,1_3_5_Ref,1_3_Ref
1,3,5,PRPE,L,T,E,TE,7,6.5,0.0033,Ref,1_3_5_Ref,1_3_Ref
1,3,5,PRPE,L,B,P,BP,7,5.5,0.0024,Ref,1_3_5_Ref,1_3_Ref
1,3,7,ACPE,L,B,M,BM,3,4.35,0.0015,Ref,1_3_7_Ref,1_3_Ref
1,3,7,ACPE,L,B,M,BM,3,2.9,0.0007,Ref,1_3_7_Ref,1_3_Ref
1,3,7,LITU,L,B,M,BM,3,4.1,0.0013,Ref,1_3_7_Ref,1_3_Ref
1,3,7,LITU,L,B,M,BM,3,3.8,0.0011,Ref,1_3_7_Ref,1_3_Ref
1,3,7,LITU,L,B,S,BS,3,3.38,0.0009,Ref,1_3_7_Ref,1_3_Ref
1,3,7,LITU,L,B,M,BM,3,3.35,0.0009,Ref,1_3_7_Ref,1_3_Ref
1,3,7,LITU,L,B,S,BS,3,4.85,0.0018,Ref,1_3_7_Ref,1_3_Ref
1,3,7,PRPE,L,B,S,BS,3,7.21,0.0041,Ref,1_3_7_Ref,1_3_Ref
1,3,7,PRPE,L,B,M,BM,3,7.39,0.0043,Ref,1_3_7_Ref,1_3_Ref
1,3,7,PRPE,D,B,M,BM,3,5.45,0.0023,Ref,1_3_7_Ref,1_3_Ref
1,3,7,PRPE,D,B,M,BM,3,11,0.0095,Ref,1_3_7_Ref,1_3_Ref
1,3,7,PRPE,L,B,S,BS,3,10.79,0.0091,Ref,1_3_7_Ref,1_3_Ref
1,3,7,ACPE,L,B,P,BP,7,2.59,0.0005,Ref,1_3_7_Ref,1_3_Ref
1,3,7,BELE,L,B,P,BP,7,7.13,0.004,Ref,1_3_7_Ref,1_3_Ref
1,3,7,LITU,L,B,P,BP,7,4.03,0.0013,Ref,1_3_7_Ref,1_3_Ref
1,3,7,LITU,L,B,P,BP,7,3.09,0.0007,Ref,1_3_7_Ref,1_3_Ref
1,3,7,LITU,L,B,P,BP,7,2.64,0.0005,Ref,1_3_7_Ref,1_3_Ref
1,3,7,LITU,L,B,E,BE,7,3.3,0.0009,Ref,1_3_7_Ref,1_3_Ref
1,3,7,LITU,L,B,E,BE,7,3.25,0.0008,Ref,1_3_7_Ref,1_3_Ref
1,3,7,PRPE,L,T,P,TP,7,10.8,0.0092,Ref,1_3_7_Ref,1_3_Ref
1,3,7,PRPE,D,B,E,BE,7,4.5,0.0016,Ref,1_3_7_Ref,1_3_Ref
1,3,7,PRPE,D,B,P,BP,7,3.27,0.0008,Ref,1_3_7_Ref,1_3_Ref
1,3,7,PRPE,L,B,P,BP,7,3.58,0.001,Ref,1_3_7_Ref,1_3_Ref
1,3,8,BELE,L,B,S,BS,3,5.25,0.0022,Ref,1_3_8_Ref,1_3_Ref
1,3,8,PRPE,L,S,P,SP,6,8.89,0.0062,Ref,1_3_8_Ref,1_3_Ref
1,3,8,PRPE,D,S,P,SP,6,8.54,0.0057,Ref,1_3_8_Ref,1_3_Ref
1,3,8,PRPE,L,S,E,SE,6,7,0.0038,Ref,1_3_8_Ref,1_3_Ref
1,3,8,BELE,L,B,P,BP,7,3.07,0.0007,Ref,1_3_8_Ref,1_3_Ref
1,3,8,BELE,L,B,P,BP,7,6,0.0028,Ref,1_3_8_Ref,1_3_Ref
1,3,8,LITU,L,B,P,BP,7,2.97,0.0007,Ref,1_3_8_Ref,1_3_Ref
1,3,8,LITU,L,B,E,BE,7,2.9,0.0007,Ref,1_3_8_Ref,1_3_Ref
1,3,8,LITU,L,B,P,BP,7,3.06,0.0007,Ref,1_3_8_Ref,1_3_Ref
1,3,8,LITU,L,B,P,BP,7,2.71,0.0006,Ref,1_3_8_Ref,1_3_Ref
1,3,8,LITU,L,B,P,BP,7,6.15,0.003,Ref,1_3_8_Ref,1_3_Ref
1,3,8,LITU,L,B,P,BP,7,5.99,0.0028,Ref,1_3_8_Ref,1_3_Ref
1,3,8,PRPE,L,B,P,BP,7,7.69,0.0046,Ref,1_3_8_Ref,1_3_Ref
1,3,9,BELE,D,B,S,BS,3,5.3,0.0022,Ref,1_3_9_Ref,1_3_Ref
1,3,9,BELE,L,B,S,BS,3,8.75,0.006,Ref,1_3_9_Ref,1_3_Ref
1,3,9,LITU,L,B,S,BS,3,4.59,0.0017,Ref,1_3_9_Ref,1_3_Ref
1,3,9,PRPE,L,B,M,BM,3,12.17,0.0116,Ref,1_3_9_Ref,1_3_Ref
1,3,9,PRPE,L,B,M,BM,3,4.9,0.0019,Ref,1_3_9_Ref,1_3_Ref
1,3,9,PRPE,D,B,S,BS,3,4.65,0.0017,Ref,1_3_9_Ref,1_3_Ref
1,3,9,PRPE,L,T,S,TS,4,5.5,0.0024,Ref,1_3_9_Ref,1_3_Ref
1,3,9,PRPE,D,S,S,SS,5,5.95,0.0028,Ref,1_3_9_Ref,1_3_Ref
1,3,9,BELE,D,S,P,SP,6,7.19,0.0041,Ref,1_3_9_Ref,1_3_Ref
1,3,9,LITU,D,S,E,SE,6,7.17,0.004,Ref,1_3_9_Ref,1_3_Ref
1,3,9,PRPE,D,S,E,SE,6,4.38,0.0015,Ref,1_3_9_Ref,1_3_Ref
1,3,9,PRPE,D,S,P,SP,6,3.93,0.0012,Ref,1_3_9_Ref,1_3_Ref
1,3,9,BELE,L,B,P,BP,7,3.05,0.0007,Ref,1_3_9_Ref,1_3_Ref
1,3,9,BELE,L,B,E,BE,7,6.15,0.003,Ref,1_3_9_Ref,1_3_Ref
1,3,9,LITU,L,B,E,BE,7,7.25,0.0041,Ref,1_3_9_Ref,1_3_Ref
1,3,9,PRPE,D,T,P,TP,7,8.3,0.0054,Ref,1_3_9_Ref,1_3_Ref
1,3,9,PRPE,D,B,E,BE,7,3.4,0.0009,Ref,1_3_9_Ref,1_3_Ref
1,3,9,PRPE,L,B,P,BP,7,6.55,0.0034,Ref,1_3_9_Ref,1_3_Ref
1,3,9,PRPE,D,B,P,BP,7,2.9,0.0007,Ref,1_3_9_Ref,1_3_Ref
1,3,9,PRPE,L,B,P,BP,7,3.99,0.0013,Ref,1_3_9_Ref,1_3_Ref
1,3,11,BELE,L,B,M,BM,3,5.35,0.0022,Ref,1_3_11_Ref,1_3_Ref
1,3,11,LITU,L,B,S,BS,3,3.18,0.0008,Ref,1_3_11_Ref,1_3_Ref
1,3,11,PRPE,L,B,S,BS,3,7.15,0.004,Ref,1_3_11_Ref,1_3_Ref
1,3,11,PRPE,L,B,M,BM,3,13.85,0.0151,Ref,1_3_11_Ref,1_3_Ref
1,3,11,PRPE,D,T,S,TS,4,9.48,0.0071,Ref,1_3_11_Ref,1_3_Ref
1,3,11,PRPE,D,S,P,SP,6,5.85,0.0027,Ref,1_3_11_Ref,1_3_Ref
1,3,11,PRPE,D,S,P,SP,6,8.93,0.0063,Ref,1_3_11_Ref,1_3_Ref
1,3,11,PRPE,D,S,P,SP,6,6.56,0.0034,Ref,1_3_11_Ref,1_3_Ref
1,3,11,BELE,L,B,E,BE,7,4.39,0.0015,Ref,1_3_11_Ref,1_3_Ref
1,3,11,LITU,L,B,E,BE,7,3.1,0.0008,Ref,1_3_11_Ref,1_3_Ref
1,3,11,LITU,L,B,E,BE,7,3.02,0.0007,Ref,1_3_11_Ref,1_3_Ref
1,3,11,PRPE,L,B,E,BE,7,7.25,0.0041,Ref,1_3_11_Ref,1_3_Ref
1,3,11,PRPE,L,T,P,TP,7,13.91,0.0152,Ref,1_3_11_Ref,1_3_Ref
1,3,11,PRPE,D,T,E,TE,7,6.2,0.003,Ref,1_3_11_Ref,1_3_Ref
1,3,11,PRPE,L,T,P,TP,7,6.18,0.003,Ref,1_3_11_Ref,1_3_Ref
2,5,2,ARSP,L,B,S,BS,3,9.2,0.0066,Ref,2_5_2_Ref,2_5_Ref
2,5,2,BELE,L,T,S,TS,4,7.27,0.0042,Ref,2_5_2_Ref,2_5_Ref
2,5,2,LITU,D,T,S,TS,4,4.8,0.0018,Ref,2_5_2_Ref,2_5_Ref
2,5,2,LITU,L,S,P,SP,6,4.61,0.0017,Ref,2_5_2_Ref,2_5_Ref
2,5,2,LITU,D,S,P,SP,6,3.47,0.0009,Ref,2_5_2_Ref,2_5_Ref
2,5,2,BELE,L,B,E,BE,7,5.7,0.0026,Ref,2_5_2_Ref,2_5_Ref
2,5,2,LITU,L,B,P,BP,7,3,0.0007,Ref,2_5_2_Ref,2_5_Ref
2,5,2,LITU,L,B,E,BE,7,7.9,0.0049,Ref,2_5_2_Ref,2_5_Ref
2,5,2,LITU,L,B,E,BE,7,5.96,0.0028,Ref,2_5_2_Ref,2_5_Ref
2,5,2,LITU,L,B,E,BE,7,6.8,0.0036,Ref,2_5_2_Ref,2_5_Ref
2,5,2,LITU,L,B,E,BE,7,6.57,0.0034,Ref,2_5_2_Ref,2_5_Ref
2,5,2,LITU,L,B,P,BP,7,3.1,0.0008,Ref,2_5_2_Ref,2_5_Ref
2,5,2,PRPE,L,B,E,BE,7,16.1,0.0204,Ref,2_5_2_Ref,2_5_Ref
2,5,2,PRPE,L,T,P,TP,7,9.1,0.0065,Ref,2_5_2_Ref,2_5_Ref
2,5,4,LITU,L,B,M,BM,3,4.14,0.0013,Ref,2_5_4_Ref,2_5_Ref
2,5,4,PRPE,L,B,S,BS,3,18.35,0.0264,Ref,2_5_4_Ref,2_5_Ref
2,5,4,PRPE,L,B,S,BS,3,13.2,0.0137,Ref,2_5_4_Ref,2_5_Ref
2,5,4,PRPE,L,B,M,BM,3,6.61,0.0034,Ref,2_5_4_Ref,2_5_Ref
2,5,4,LITU,L,S,P,SP,6,5.33,0.0022,Ref,2_5_4_Ref,2_5_Ref
2,5,4,ACPE,L,B,P,BP,7,3.04,0.0007,Ref,2_5_4_Ref,2_5_Ref
2,5,4,ACPE,L,B,E,BE,7,4.61,0.0017,Ref,2_5_4_Ref,2_5_Ref
2,5,4,BELE,L,B,E,BE,7,4.99,0.002,Ref,2_5_4_Ref,2_5_Ref
2,5,4,LITU,L,B,E,BE,7,4.58,0.0016,Ref,2_5_4_Ref,2_5_Ref
2,5,4,LITU,L,B,E,BE,7,3.2,0.0008,Ref,2_5_4_Ref,2_5_Ref
2,5,4,LITU,L,B,P,BP,7,4.22,0.0014,Ref,2_5_4_Ref,2_5_Ref
2,5,4,PRPE,D,B,E,BE,7,11.69,0.0107,Ref,2_5_4_Ref,2_5_Ref
2,5,4,SAAL,L,B,P,BP,7,3.41,0.0009,Ref,2_5_4_Ref,2_5_Ref
2,5,5,PRPE,L,B,S,BS,3,11.1,0.0097,Ref,2_5_5_Ref,2_5_Ref
2,5,5,LITU,L,B,E,BE,7,5.32,0.0022,Ref,2_5_5_Ref,2_5_Ref
2,5,5,MAAC,L,B,P,BP,7,9.5,0.0071,Ref,2_5_5_Ref,2_5_Ref
2,5,5,MAAC,L,B,E,BE,7,9.91,0.0077,Ref,2_5_5_Ref,2_5_Ref
2,5,5,PRPE,D,T,E,TE,7,12.65,0.0126,Ref,2_5_5_Ref,2_5_Ref
2,5,5,PRPE,D,B,E,BE,7,4.29,0.0014,Ref,2_5_5_Ref,2_5_Ref
2,5,5,PRPE,D,B,E,BE,7,10.49,0.0086,Ref,2_5_5_Ref,2_5_Ref
2,5,9,LITU,L,B,M,BM,3,6.35,0.0032,Ref,2_5_9_Ref,2_5_Ref
2,5,9,LITU,L,B,M,BM,3,4.64,0.0017,Ref,2_5_9_Ref,2_5_Ref
2,5,9,LITU,L,B,M,BM,3,4.1,0.0013,Ref,2_5_9_Ref,2_5_Ref
2,5,9,LITU,L,B,S,BS,3,5.05,0.002,Ref,2_5_9_Ref,2_5_Ref
2,5,9,LITU,L,B,S,BS,3,3.9,0.0012,Ref,2_5_9_Ref,2_5_Ref
2,5,9,PRPE,L,B,S,BS,3,8.78,0.0061,Ref,2_5_9_Ref,2_5_Ref
2,5,9,PRPE,L,B,M,BM,3,7.46,0.0044,Ref,2_5_9_Ref,2_5_Ref
2,5,9,PRPE,L,B,S,BS,3,7.81,0.0048,Ref,2_5_9_Ref,2_5_Ref
2,5,9,ACPE,L,B,E,BE,7,4.18,0.0014,Ref,2_5_9_Ref,2_5_Ref
2,5,9,LITU,L,B,P,BP,7,3.14,0.0008,Ref,2_5_9_Ref,2_5_Ref
2,5,9,PRPE,D,T,P,TP,7,4.69,0.0017,Ref,2_5_9_Ref,2_5_Ref
2,5,9,PRPE,L,B,E,BE,7,12.81,0.0129,Ref,2_5_9_Ref,2_5_Ref
2,5,9,PRPE,L,B,E,BE,7,11.15,0.0098,Ref,2_5_9_Ref,2_5_Ref
2,5,9,PRPE,L,B,E,BE,7,13.4,0.0141,Ref,2_5_9_Ref,2_5_Ref
2,5,10,ACPE,L,B,S,BS,3,3.57,0.001,Ref,2_5_10_Ref,2_5_Ref
2,5,10,ARSP,L,B,S,BS,3,4.27,0.0014,Ref,2_5_10_Ref,2_5_Ref
2,5,10,BELE,L,B,S,BS,3,3.45,0.0009,Ref,2_5_10_Ref,2_5_Ref
2,5,10,PRSE,L,B,M,BM,3,4.75,0.0018,Ref,2_5_10_Ref,2_5_Ref
2,5,10,PRSE,L,B,S,BS,3,4.49,0.0016,Ref,2_5_10_Ref,2_5_Ref
2,5,10,PRPE,L,S,E,SE,6,12.31,0.0119,Ref,2_5_10_Ref,2_5_Ref
2,5,10,BELE,L,B,E,BE,7,7.1,0.004,Ref,2_5_10_Ref,2_5_Ref
2,5,10,LITU,L,B,P,BP,7,3.29,0.0009,Ref,2_5_10_Ref,2_5_Ref
2,5,10,PRSE,L,B,E,BE,7,4.1,0.0013,Ref,2_5_10_Ref,2_5_Ref
2,6,1,BELE,L,B,S,BS,3,3.02,0.0007,N,2_6_1_N,2_6_N
2,6,1,LITU,L,B,M,BM,3,2.68,0.0006,N,2_6_1_N,2_6_N
2,6,1,LITU,L,B,M,BM,3,2.81,0.0006,N,2_6_1_N,2_6_N
2,6,1,PRPE,L,B,S,BS,3,9.69,0.0074,N,2_6_1_N,2_6_N
2,6,1,PRPE,L,B,S,BS,3,9.17,0.0066,N,2_6_1_N,2_6_N
2,6,1,PRPE,L,B,S,BS,3,4.78,0.0018,N,2_6_1_N,2_6_N
2,6,1,PRPE,L,B,S,BS,3,4.48,0.0016,N,2_6_1_N,2_6_N
2,6,1,PRPE,L,B,S,BS,3,4.4,0.0015,N,2_6_1_N,2_6_N
2,6,1,BELE,D,S,P,SP,6,5.47,0.0023,N,2_6_1_N,2_6_N
2,6,1,PRPE,D,S,E,SE,6,6.69,0.0035,N,2_6_1_N,2_6_N
2,6,1,PRPE,D,S,P,SP,6,2.95,0.0007,N,2_6_1_N,2_6_N
2,6,1,PRPE,D,S,P,SP,6,5.91,0.0027,N,2_6_1_N,2_6_N
2,6,1,ACPE,L,B,P,BP,7,3.21,0.0008,N,2_6_1_N,2_6_N
2,6,1,ACPE,L,B,P,BP,7,2.63,0.0005,N,2_6_1_N,2_6_N
2,6,1,BELE,L,B,E,BE,7,4,0.0013,N,2_6_1_N,2_6_N
2,6,1,BELE,L,B,P,BP,7,5.69,0.0025,N,2_6_1_N,2_6_N
2,6,1,BELE,L,B,P,BP,7,4.38,0.0015,N,2_6_1_N,2_6_N
2,6,1,BELE,L,B,P,BP,7,4.2,0.0014,N,2_6_1_N,2_6_N
2,6,1,BELE,L,B,P,BP,7,3.11,0.0008,N,2_6_1_N,2_6_N
2,6,1,LITU,L,B,P,BP,7,3.3,0.0009,N,2_6_1_N,2_6_N
2,6,1,LITU,L,B,P,BP,7,3.89,0.0012,N,2_6_1_N,2_6_N
2,6,1,LITU,L,B,P,BP,7,3.95,0.0012,N,2_6_1_N,2_6_N
2,6,1,LITU,L,B,E,BE,7,3.93,0.0012,N,2_6_1_N,2_6_N
2,6,1,LITU,L,B,P,BP,7,4.4,0.0015,N,2_6_1_N,2_6_N
2,6,1,PRPE,D,T,P,TP,7,8.92,0.0062,N,2_6_1_N,2_6_N
2,6,1,PRPE,D,B,E,BE,7,3.51,0.001,N,2_6_1_N,2_6_N
2,6,1,PRPE,D,T,P,TP,7,15.97,0.02,N,2_6_1_N,2_6_N
2,6,1,PRPE,D,T,P,TP,7,7.89,0.0049,N,2_6_1_N,2_6_N
2,6,1,PRPE,L,T,P,TP,7,10.33,0.0084,N,2_6_1_N,2_6_N
2,6,1,PRPE,D,T,E,TE,7,3.7,0.0011,N,2_6_1_N,2_6_N
2,6,1,PRPE,L,B,E,BE,7,4.18,0.0014,N,2_6_1_N,2_6_N
2,6,1,PRPE,L,B,E,BE,7,5.48,0.0024,N,2_6_1_N,2_6_N
2,6,1,PRPE,L,B,P,BP,7,5.36,0.0023,N,2_6_1_N,2_6_N
2,6,1,PRPE,D,T,P,TP,7,4.82,0.0018,N,2_6_1_N,2_6_N
2,6,1,PRPE,L,B,P,BP,7,2.79,0.0006,N,2_6_1_N,2_6_N
2,6,1,PRPE,D,T,P,TP,7,11.77,0.0109,N,2_6_1_N,2_6_N
2,6,1,PRPE,D,B,P,BP,7,2.94,0.0007,N,2_6_1_N,2_6_N
2,6,3,ACPE,L,B,S,BS,3,5.6,0.0025,N,2_6_3_N,2_6_N
2,6,3,ACPE,L,B,S,BS,3,3.5,0.001,N,2_6_3_N,2_6_N
2,6,3,LITU,L,B,M,BM,3,5.58,0.0024,N,2_6_3_N,2_6_N
2,6,3,LITU,L,B,M,BM,3,5.02,0.002,N,2_6_3_N,2_6_N
2,6,3,PRPE,L,B,M,BM,3,16.98,0.0226,N,2_6_3_N,2_6_N
2,6,3,PRPE,L,B,S,BS,3,10.55,0.0087,N,2_6_3_N,2_6_N
2,6,3,PRPE,L,B,S,BS,3,11.57,0.0105,N,2_6_3_N,2_6_N
2,6,3,PRPE,L,B,S,BS,3,13.42,0.0141,N,2_6_3_N,2_6_N
2,6,3,PRPE,D,B,M,BM,3,13.18,0.0136,N,2_6_3_N,2_6_N
2,6,3,SAAL,L,B,S,BS,3,4.5,0.0016,N,2_6_3_N,2_6_N
2,6,3,PRPE,D,T,S,TS,4,10.91,0.0093,N,2_6_3_N,2_6_N
2,6,3,PRPE,D,T,S,TS,4,7.33,0.0042,N,2_6_3_N,2_6_N
2,6,3,ACPE,D,S,P,SP,6,3.18,0.0008,N,2_6_3_N,2_6_N
2,6,3,LITU,L,S,P,SP,6,4.27,0.0014,N,2_6_3_N,2_6_N
2,6,3,PRPE,D,S,P,SP,6,10.6,0.0088,N,2_6_3_N,2_6_N
2,6,3,PRPE,D,S,P,SP,6,4.04,0.0013,N,2_6_3_N,2_6_N
2,6,3,PRPE,D,S,P,SP,6,5.3,0.0022,N,2_6_3_N,2_6_N
2,6,3,PRPE,D,S,P,SP,6,4.78,0.0018,N,2_6_3_N,2_6_N
2,6,3,LITU,L,B,P,BP,7,3.03,0.0007,N,2_6_3_N,2_6_N
2,6,3,PRPE,D,T,P,TP,7,14.93,0.0175,N,2_6_3_N,2_6_N
2,6,3,PRPE,D,T,P,TP,7,9.9,0.0077,N,2_6_3_N,2_6_N
2,6,3,PRPE,D,T,P,TP,7,11.77,0.0109,N,2_6_3_N,2_6_N
2,6,5,ACPE,L,B,M,BM,3,2.57,0.0005,N,2_6_5_N,2_6_N
2,6,5,LITU,L,B,M,BM,3,7.9,0.0049,N,2_6_5_N,2_6_N
2,6,5,LITU,L,B,M,BM,3,7.21,0.0041,N,2_6_5_N,2_6_N
2,6,5,PRPE,L,B,S,BS,3,9.81,0.0076,N,2_6_5_N,2_6_N
2,6,5,PRPE,D,B,M,BM,3,4.87,0.0019,N,2_6_5_N,2_6_N
2,6,5,PRPE,D,B,M,BM,3,9.53,0.0071,N,2_6_5_N,2_6_N
2,6,5,PRPE,L,B,M,BM,3,3.98,0.0012,N,2_6_5_N,2_6_N
2,6,5,PRPE,L,B,M,BM,3,7.18,0.004,N,2_6_5_N,2_6_N
2,6,5,PRPE,L,B,M,BM,3,8.96,0.0063,N,2_6_5_N,2_6_N
2,6,5,LITU,L,S,P,SP,6,3.46,0.0009,N,2_6_5_N,2_6_N
2,6,5,LITU,L,S,P,SP,6,7.1,0.004,N,2_6_5_N,2_6_N
2,6,5,PRPE,P,S,P,SP,6,5.2,0.0021,N,2_6_5_N,2_6_N
2,6,5,PRPE,D,S,P,SP,6,11.42,0.0102,N,2_6_5_N,2_6_N
2,6,5,PRPE,D,S,P,SP,6,9.89,0.0077,N,2_6_5_N,2_6_N
2,6,5,PRPE,D,S,P,SP,6,8.19,0.0053,N,2_6_5_N,2_6_N
2,6,5,PRPE,D,S,P,SP,6,5.49,0.0024,N,2_6_5_N,2_6_N
2,6,5,PRPE,D,S,P,SP,6,8.12,0.0052,N,2_6_5_N,2_6_N
2,6,5,PRPE,D,S,P,SP,6,10.32,0.0084,N,2_6_5_N,2_6_N
2,6,5,PRPE,D,S,P,SP,6,7.78,0.0048,N,2_6_5_N,2_6_N
2,6,5,ACPE,L,B,P,BP,7,4.39,0.0015,N,2_6_5_N,2_6_N
2,6,5,ACPE,L,B,P,BP,7,3.42,0.0009,N,2_6_5_N,2_6_N
2,6,5,ARSP,L,T,P,TP,7,4,0.0013,N,2_6_5_N,2_6_N
2,6,5,LITU,L,B,P,BP,7,3.24,0.0008,N,2_6_5_N,2_6_N
2,6,5,LITU,L,B,P,BP,7,4.28,0.0014,N,2_6_5_N,2_6_N
2,6,5,PRPE,D,B,E,BE,7,7.78,0.0048,N,2_6_5_N,2_6_N
2,6,5,PRPE,D,B,P,BP,7,8.41,0.0056,N,2_6_5_N,2_6_N
2,6,5,PRPE,D,T,P,TP,7,6.43,0.0032,N,2_6_5_N,2_6_N
2,6,5,PRPE,L,T,E,TE,7,12.23,0.0117,N,2_6_5_N,2_6_N
2,6,5,PRPE,D,B,P,BP,7,9.78,0.0075,N,2_6_5_N,2_6_N
2,6,5,PRPE,D,B,P,BP,7,8.51,0.0057,N,2_6_5_N,2_6_N
2,6,5,PRPE,L,B,P,BP,7,4.48,0.0016,N,2_6_5_N,2_6_N
2,6,5,PRPE,D,T,P,TP,7,17.63,0.0244,N,2_6_5_N,2_6_N
2,6,7,LITU,L,B,S,BS,3,7.14,0.004,N,2_6_7_N,2_6_N
2,6,7,LITU,L,B,S,BS,3,4.28,0.0014,N,2_6_7_N,2_6_N
2,6,7,PRPE,L,B,M,BM,3,5.3,0.0022,N,2_6_7_N,2_6_N
2,6,7,PRPE,D,B,S,BS,3,5.48,0.0024,N,2_6_7_N,2_6_N
2,6,7,PRSE,L,B,M,BM,3,5.6,0.0025,N,2_6_7_N,2_6_N
2,6,7,PRPE,L,S,P,SP,6,7.36,0.0043,N,2_6_7_N,2_6_N
2,6,7,PRPE,D,S,P,SP,6,5.24,0.0022,N,2_6_7_N,2_6_N
2,6,7,PRPE,D,S,P,SP,6,5.15,0.0021,N,2_6_7_N,2_6_N
2,6,7,PRPE,L,S,P,SP,6,9.43,0.007,N,2_6_7_N,2_6_N
2,6,7,LITU,L,B,P,BP,7,4.17,0.0014,N,2_6_7_N,2_6_N
2,6,7,LITU,L,B,P,BP,7,6.41,0.0032,N,2_6_7_N,2_6_N
2,6,7,LITU,L,B,P,BP,7,3.2,0.0008,N,2_6_7_N,2_6_N
2,6,7,PRPE,D,T,P,TP,7,8.85,0.0062,N,2_6_7_N,2_6_N
2,6,7,PRPE,D,T,P,TP,7,13.2,0.0137,N,2_6_7_N,2_6_N
2,6,7,PRPE,L,T,P,TP,7,13.58,0.0145,N,2_6_7_N,2_6_N
2,6,7,PRPE,L,T,P,TP,7,10.43,0.0085,N,2_6_7_N,2_6_N
2,6,7,PRPE,L,T,P,TP,7,10.05,0.0079,N,2_6_7_N,2_6_N
2,6,7,PRPE,L,B,P,BP,7,3.21,0.0008,N,2_6_7_N,2_6_N
2,6,7,PRPE,L,T,E,TE,7,4.27,0.0014,N,2_6_7_N,2_6_N
2,6,7,PRPE,L,B,P,BP,7,8.46,0.0056,N,2_6_7_N,2_6_N
2,6,7,PRPE,L,B,E,BE,7,3.57,0.001,N,2_6_7_N,2_6_N
2,6,7,PRPE,D,B,E,BE,7,4.47,0.0016,N,2_6_7_N,2_6_N
2,6,7,PRPE,L,B,P,BP,7,3.5,0.001,N,2_6_7_N,2_6_N
2,6,7,PRSE,L,B,P,BP,7,2.83,0.0006,N,2_6_7_N,2_6_N
2,6,8,LITU,L,B,M,BM,3,4.96,0.0019,N,2_6_8_N,2_6_N
2,6,8,LITU,L,B,M,BM,3,4.14,0.0013,N,2_6_8_N,2_6_N
2,6,8,PRPE,L,B,S,BS,3,10.26,0.0083,N,2_6_8_N,2_6_N
2,6,8,PRPE,L,B,S,BS,3,10.71,0.009,N,2_6_8_N,2_6_N
2,6,8,PRPE,D,B,S,BS,3,4,0.0013,N,2_6_8_N,2_6_N
2,6,8,PRPE,L,B,M,BM,3,13.48,0.0143,N,2_6_8_N,2_6_N
2,6,8,PRPE,L,B,M,BM,3,7.19,0.0041,N,2_6_8_N,2_6_N
2,6,8,PRPE,L,T,S,TS,4,11,0.0095,N,2_6_8_N,2_6_N
2,6,8,PRPE,L,S,P,SP,6,13.6,0.0145,N,2_6_8_N,2_6_N
2,6,8,PRPE,D,S,P,SP,6,4.62,0.0017,N,2_6_8_N,2_6_N
2,6,8,PRPE,D,S,P,SP,6,9.6,0.0072,N,2_6_8_N,2_6_N
2,6,8,PRPE,D,S,P,SP,6,4.45,0.0016,N,2_6_8_N,2_6_N
2,6,8,LITU,L,B,P,BP,7,3.48,0.001,N,2_6_8_N,2_6_N
2,6,8,LITU,L,B,E,BE,7,2.89,0.0007,N,2_6_8_N,2_6_N
2,6,8,LITU,L,B,P,BP,7,3.3,0.0009,N,2_6_8_N,2_6_N
2,6,8,PRPE,L,T,P,TP,7,9.98,0.0078,N,2_6_8_N,2_6_N
2,6,8,PRPE,D,T,P,TP,7,7.19,0.0041,N,2_6_8_N,2_6_N
2,6,8,PRPE,D,B,P,BP,7,4.2,0.0014,N,2_6_8_N,2_6_N
2,6,8,PRPE,L,B,P,BP,7,4.87,0.0019,N,2_6_8_N,2_6_N
2,6,8,PRPE,D,T,P,TP,7,11.98,0.0113,N,2_6_8_N,2_6_N
2,6,8,PRPE,L,B,P,BP,7,4.83,0.0018,N,2_6_8_N,2_6_N
2,6,8,PRPE,D,B,P,BP,7,7,0.0038,N,2_6_8_N,2_6_N
2,6,8,PRPE,C,B,P,BP,7,6.93,0.0038,N,2_6_8_N,2_6_N
2,6,8,PRPE,L,B,P,BP,7,7.19,0.0041,N,2_6_8_N,2_6_N
2,6,8,PRPE,D,T,P,TP,7,12.29,0.0119,N,2_6_8_N,2_6_N
2,6,8,PRPE,D,T,P,TP,7,12.23,0.0117,N,2_6_8_N,2_6_N
2,6,8,PRPE,D,T,P,TP,7,8.23,0.0053,N,2_6_8_N,2_6_N
2,6,8,PRPE,L,B,P,BP,7,8.79,0.0061,N,2_6_8_N,2_6_N
2,6,8,PRPE,L,T,P,TP,7,11.61,0.0106,N,2_6_8_N,2_6_N
2,6,8,PRPE,D,T,P,TP,7,5.91,0.0027,N,2_6_8_N,2_6_N
2,6,11,LITU,L,B,M,BM,3,3.3,0.0009,N,2_6_11_N,2_6_N
2,6,11,PRPE,L,B,S,BS,3,7,0.0038,N,2_6_11_N,2_6_N
2,6,11,PRPE,D,B,S,BS,3,12.18,0.0117,N,2_6_11_N,2_6_N
2,6,11,PRPE,L,B,S,BS,3,9.01,0.0064,N,2_6_11_N,2_6_N
2,6,11,PRSE,L,B,S,BS,3,5.4,0.0023,N,2_6_11_N,2_6_N
2,6,11,PRSE,L,B,M,BM,3,10.71,0.009,N,2_6_11_N,2_6_N
2,6,11,PRSE,L,B,S,BS,3,9.81,0.0076,N,2_6_11_N,2_6_N
2,6,11,PRPE,D,S,P,SP,6,10.14,0.0081,N,2_6_11_N,2_6_N
2,6,11,PRPE,D,S,P,SP,6,10.21,0.0082,N,2_6_11_N,2_6_N
2,6,11,PRPE,D,S,P,SP,6,4.31,0.0015,N,2_6_11_N,2_6_N
2,6,11,LITU,L,B,P,BP,7,2.54,0.0005,N,2_6_11_N,2_6_N
2,6,11,LITU,L,B,P,BP,7,2.8,0.0006,N,2_6_11_N,2_6_N
2,6,11,PRPE,L,T,E,TE,7,9.01,0.0064,N,2_6_11_N,2_6_N
2,6,11,PRPE,L,T,P,TP,7,12.28,0.0118,N,2_6_11_N,2_6_N
2,6,11,PRPE,L,T,P,TP,7,13.86,0.0151,N,2_6_11_N,2_6_N
2,6,11,PRPE,D,T,P,TP,7,8.86,0.0062,N,2_6_11_N,2_6_N
2,6,11,PRPE,D,T,P,TP,7,12.51,0.0123,N,2_6_11_N,2_6_N
2,6,11,PRPE,L,B,P,BP,7,5.45,0.0023,N,2_6_11_N,2_6_N
2,6,11,PRPE,D,T,P,TP,7,10.2,0.0082,N,2_6_11_N,2_6_N
2,6,11,PRPE,L,B,P,BP,7,6.87,0.0037,N,2_6_11_N,2_6_N
2,6,11,PRPE,D,T,P,TP,7,6.58,0.0034,N,2_6_11_N,2_6_N
2,6,11,PRPE,L,B,P,BP,7,6.56,0.0034,N,2_6_11_N,2_6_N
2,6,11,PRPE,L,T,E,TE,7,6.76,0.0036,N,2_6_11_N,2_6_N
2,6,11,PRSE,D,T,P,TP,7,13.11,0.0135,N,2_6_11_N,2_6_N
2,7,1,ACRU,L,B,M,BM,3,3.82,0.0011,NL,2_7_1_NL,2_7_NL
2,7,1,PRSE,L,B,M,BM,3,4.21,0.0014,NL,2_7_1_NL,2_7_NL
2,7,1,PRSE,L,B,M,BM,3,4.93,0.0019,NL,2_7_1_NL,2_7_NL
2,7,1,PRSE,L,B,M,BM,3,5.41,0.0023,NL,2_7_1_NL,2_7_NL
2,7,1,PRSE,L,B,M,BM,3,3.11,0.0008,NL,2_7_1_NL,2_7_NL
2,7,1,PRSE,L,B,M,BM,3,3.08,0.0007,NL,2_7_1_NL,2_7_NL
2,7,1,PRPE,L,T,S,TS,4,14.5,0.0165,NL,2_7_1_NL,2_7_NL
2,7,1,ACRU,L,T,P,TP,7,3.21,0.0008,NL,2_7_1_NL,2_7_NL
2,7,1,ACRU,L,B,P,BP,7,4.8,0.0018,NL,2_7_1_NL,2_7_NL
2,7,1,MAAC,L,B,P,BP,7,3.91,0.0012,NL,2_7_1_NL,2_7_NL
2,7,1,PRPE,D,T,P,TP,7,8.39,0.0055,NL,2_7_1_NL,2_7_NL
2,7,1,PRPE,D,B,E,BE,7,9.32,0.0068,NL,2_7_1_NL,2_7_NL
2,7,1,PRSE,L,B,P,BP,7,6.51,0.0033,NL,2_7_1_NL,2_7_NL
2,7,1,PRSE,L,B,E,BE,7,3.19,0.0008,NL,2_7_1_NL,2_7_NL
2,7,1,PRSE,L,B,P,BP,7,3.31,0.0009,NL,2_7_1_NL,2_7_NL
2,7,1,PRSE,L,B,E,BE,7,4.11,0.0013,NL,2_7_1_NL,2_7_NL
2,7,1,PRSE,L,B,E,BE,7,3.39,0.0009,NL,2_7_1_NL,2_7_NL
2,7,1,PRSE,L,B,P,BP,7,3.18,0.0008,NL,2_7_1_NL,2_7_NL
2,7,1,PRSE,L,B,P,BP,7,2.91,0.0007,NL,2_7_1_NL,2_7_NL
2,7,1,PRSE,L,B,P,BP,7,2.91,0.0007,NL,2_7_1_NL,2_7_NL
2,7,3,BELE,L,B,S,BS,3,6.41,0.0032,NL,2_7_3_NL,2_7_NL
2,7,3,LITU,L,B,S,BS,3,7.81,0.0048,NL,2_7_3_NL,2_7_NL
2,7,3,LITU,L,B,M,BM,3,7.89,0.0049,NL,2_7_3_NL,2_7_NL
2,7,3,LITU,L,B,S,BS,3,6.32,0.0031,NL,2_7_3_NL,2_7_NL
2,7,3,LITU,L,B,M,BM,3,7.9,0.0049,NL,2_7_3_NL,2_7_NL
2,7,3,PRPE,L,B,M,BM,3,16.08,0.0203,NL,2_7_3_NL,2_7_NL
2,7,3,PRPE,D,B,S,BS,3,6.43,0.0032,NL,2_7_3_NL,2_7_NL
2,7,3,PRPE,D,B,S,BS,3,6.93,0.0038,NL,2_7_3_NL,2_7_NL
2,7,3,PRPE,D,B,M,BM,3,3.88,0.0012,NL,2_7_3_NL,2_7_NL
2,7,3,PRPE,L,B,M,BM,3,12.76,0.0128,NL,2_7_3_NL,2_7_NL
2,7,3,PRPE,L,B,M,BM,3,14.22,0.0159,NL,2_7_3_NL,2_7_NL
2,7,3,ACRU,L,B,P,BP,7,3.88,0.0012,NL,2_7_3_NL,2_7_NL
2,7,3,BELE,L,B,E,BE,7,3.8,0.0011,NL,2_7_3_NL,2_7_NL
2,7,3,LITU,L,B,E,BE,7,3.64,0.001,NL,2_7_3_NL,2_7_NL
2,7,3,LITU,L,B,E,BE,7,4.29,0.0014,NL,2_7_3_NL,2_7_NL
2,7,3,LITU,L,B,P,BP,7,3.72,0.0011,NL,2_7_3_NL,2_7_NL
2,7,3,LITU,L,B,P,BP,7,3.22,0.0008,NL,2_7_3_NL,2_7_NL
2,7,3,LITU,L,B,E,BE,7,3.54,0.001,NL,2_7_3_NL,2_7_NL
2,7,3,PRPE,D,B,E,BE,7,3.62,0.001,NL,2_7_3_NL,2_7_NL
2,7,3,PRPE,D,B,P,BP,7,3.41,0.0009,NL,2_7_3_NL,2_7_NL
2,7,3,PRPE,D,B,P,BP,7,4.5,0.0016,NL,2_7_3_NL,2_7_NL
2,7,3,PRPE,D,T,P,TP,7,8.89,0.0062,NL,2_7_3_NL,2_7_NL
2,7,3,PRPE,L,B,E,BE,7,11.3,0.01,NL,2_7_3_NL,2_7_NL
2,7,3,PRPE,D,T,E,TE,7,7.37,0.0043,NL,2_7_3_NL,2_7_NL
2,7,3,PRPE,L,T,E,TE,7,11.97,0.0113,NL,2_7_3_NL,2_7_NL
2,7,3,PRPE,L,B,P,BP,7,7.8,0.0048,NL,2_7_3_NL,2_7_NL
2,7,3,PRSE,L,B,E,BE,7,5.2,0.0021,NL,2_7_3_NL,2_7_NL
2,7,4,LITU,L,B,M,BM,3,3.21,0.0008,NL,2_7_4_NL,2_7_NL
2,7,4,PRPE,L,B,S,BS,3,11.52,0.0104,NL,2_7_4_NL,2_7_NL
2,7,4,PRPE,L,B,M,BM,3,11.02,0.0095,NL,2_7_4_NL,2_7_NL
2,7,4,PRPE,L,B,M,BM,3,8.71,0.006,NL,2_7_4_NL,2_7_NL
2,7,4,PRPE,D,B,S,BS,3,7.69,0.0046,NL,2_7_4_NL,2_7_NL
2,7,4,PRPE,D,B,S,BS,3,3.41,0.0009,NL,2_7_4_NL,2_7_NL
2,7,4,PRPE,L,B,M,BM,3,5.26,0.0022,NL,2_7_4_NL,2_7_NL
2,7,4,PRPE,D,B,S,BS,3,7.57,0.0045,NL,2_7_4_NL,2_7_NL
2,7,4,PRPE,L,S,P,SP,6,12.8,0.0129,NL,2_7_4_NL,2_7_NL
2,7,4,ACRU,D,T,P,TP,7,3.5,0.001,NL,2_7_4_NL,2_7_NL
2,7,4,LITU,L,B,P,BP,7,2.85,0.0006,NL,2_7_4_NL,2_7_NL
2,7,4,MAAC,L,B,P,BP,7,2.81,0.0006,NL,2_7_4_NL,2_7_NL
2,7,4,PRPE,L,B,E,BE,7,14.52,0.0166,NL,2_7_4_NL,2_7_NL
2,7,4,PRPE,L,T,E,TE,7,8.26,0.0054,NL,2_7_4_NL,2_7_NL
2,7,4,PRPE,L,B,P,BP,7,6.07,0.0029,NL,2_7_4_NL,2_7_NL
2,7,4,PRPE,D,T,P,TP,7,13.72,0.0148,NL,2_7_4_NL,2_7_NL
2,7,4,PRPE,D,T,P,TP,7,10.96,0.0094,NL,2_7_4_NL,2_7_NL
2,7,4,PRPE,L,B,P,BP,7,12.29,0.0119,NL,2_7_4_NL,2_7_NL
2,7,6,PRPE,L,B,S,BS,3,14.31,0.0161,NL,2_7_6_NL,2_7_NL
2,7,6,PRPE,L,B,M,BM,3,7.89,0.0049,NL,2_7_6_NL,2_7_NL
2,7,6,PRPE,L,B,M,BM,3,13.71,0.0148,NL,2_7_6_NL,2_7_NL
2,7,6,PRSE,L,B,M,BM,3,3.21,0.0008,NL,2_7_6_NL,2_7_NL
2,7,6,ACRU,D,S,P,SP,6,3.98,0.0012,NL,2_7_6_NL,2_7_NL
2,7,6,ACRU,L,B,P,BP,7,4.94,0.0019,NL,2_7_6_NL,2_7_NL
2,7,6,ACRU,L,B,P,BP,7,4.87,0.0019,NL,2_7_6_NL,2_7_NL
2,7,6,ACRU,L,B,E,BE,7,6.01,0.0028,NL,2_7_6_NL,2_7_NL
2,7,6,PRPE,D,B,P,BP,7,4.29,0.0014,NL,2_7_6_NL,2_7_NL
2,7,6,PRPE,D,B,P,BP,7,3.18,0.0008,NL,2_7_6_NL,2_7_NL
2,7,6,PRPE,L,T,E,TE,7,18.32,0.0264,NL,2_7_6_NL,2_7_NL
2,7,6,PRPE,L,B,P,BP,7,7.57,0.0045,NL,2_7_6_NL,2_7_NL
2,7,6,PRPE,L,B,P,BP,7,2.61,0.0005,NL,2_7_6_NL,2_7_NL
2,7,6,PRSE,L,B,P,BP,7,6.6,0.0034,NL,2_7_6_NL,2_7_NL
2,7,6,PRSE,D,B,E,BE,7,3.04,0.0007,NL,2_7_6_NL,2_7_NL
2,7,6,PRSE,L,B,P,BP,7,2.98,0.0007,NL,2_7_6_NL,2_7_NL
2,7,6,PRSE,D,B,P,BP,7,3.26,0.0008,NL,2_7_6_NL,2_7_NL
2,7,6,PRSE,L,B,P,BP,7,4.06,0.0013,NL,2_7_6_NL,2_7_NL
2,7,6,PRSE,L,B,P,BP,7,3.62,0.001,NL,2_7_6_NL,2_7_NL
2,7,6,PRSE,L,B,P,BP,7,5.58,0.0024,NL,2_7_6_NL,2_7_NL
2,7,6,PRSE,L,B,P,BP,7,7.3,0.0042,NL,2_7_6_NL,2_7_NL
2,7,10,PRPE,L,B,M,BM,3,10.02,0.0079,NL,2_7_10_NL,2_7_NL
2,7,10,PRPE,L,B,M,BM,3,5.77,0.0026,NL,2_7_10_NL,2_7_NL
2,7,10,PRPE,L,B,M,BM,3,10.49,0.0086,NL,2_7_10_NL,2_7_NL
2,7,10,PRPE,L,B,M,BM,3,8.82,0.0061,NL,2_7_10_NL,2_7_NL
2,7,10,PRPE,D,B,S,BS,3,4.58,0.0016,NL,2_7_10_NL,2_7_NL
2,7,10,PRPE,L,B,M,BM,3,14.06,0.0155,NL,2_7_10_NL,2_7_NL
2,7,10,PRPE,D,B,S,BS,3,7.89,0.0049,NL,2_7_10_NL,2_7_NL
2,7,10,PRPE,L,B,M,BM,3,9.37,0.0069,NL,2_7_10_NL,2_7_NL
2,7,10,PRPE,D,S,S,SS,5,4.49,0.0016,NL,2_7_10_NL,2_7_NL
2,7,10,PRPE,D,B,E,BE,7,4.97,0.0019,NL,2_7_10_NL,2_7_NL
2,7,10,PRSE,D,B,P,BP,7,2.91,0.0007,NL,2_7_10_NL,2_7_NL
2,7,10,QURU,L,B,P,BP,7,2.9,0.0007,NL,2_7_10_NL,2_7_NL
2,7,10,TIAM,L,B,P,BP,7,3.32,0.0009,NL,2_7_10_NL,2_7_NL
2,7,11,ACRU,L,B,S,BS,3,3.17,0.0008,NL,2_7_11_NL,2_7_NL
2,7,11,PRPE,L,S,P,SP,6,18.5,0.0269,NL,2_7_11_NL,2_7_NL
2,7,11,ARSP,L,B,P,BP,7,4.2,0.0014,NL,2_7_11_NL,2_7_NL
2,7,11,MAAC,L,B,P,BP,7,5.27,0.0022,NL,2_7_11_NL,2_7_NL
2,7,11,MAAC,L,B,E,BE,7,2.93,0.0007,NL,2_7_11_NL,2_7_NL
2,7,11,PRPE,L,T,E,TE,7,10.98,0.0095,NL,2_7_11_NL,2_7_NL
2,7,11,PRPE,D,T,E,TE,7,12.75,0.0128,NL,2_7_11_NL,2_7_NL
2,7,11,PRPE,D,T,P,TP,7,12.18,0.0117,NL,2_7_11_NL,2_7_NL
2,7,11,PRSE,D,B,P,BP,7,2.83,0.0006,NL,2_7_11_NL,2_7_NL
3,9,2,PRPE,L,T,M,TM,4,20.88,0.0342,NL,3_9_2_NL,3_9_NL
3,10,3,BELE,L,B,M,BM,3,4.63,0.0017,N,3_10_3_N,3_10_N
3,10,3,PRPE,L,B,M,BM,3,10.68,0.009,N,3_10_3_N,3_10_N
3,10,3,PRPE,L,B,M,BM,3,7.96,0.005,N,3_10_3_N,3_10_N
3,10,3,PRPE,L,B,M,BM,3,8.11,0.0052,N,3_10_3_N,3_10_N
3,10,3,PRPE,L,T,M,TM,4,10.71,0.009,N,3_10_3_N,3_10_N
3,10,3,PRPE,L,T,E,TE,7,13.27,0.0138,N,3_10_3_N,3_10_N
3,10,3,PRPE,L,B,P,BP,7,5.17,0.0021,N,3_10_3_N,3_10_N
3,10,4,PRPE,D,S,P,SP,6,16.07,0.0203,N,3_10_4_N,3_10_N
3,10,4,PRPE,L,S,P,SP,6,12.7,0.0127,N,3_10_4_N,3_10_N
3,10,4,BELE,L,B,P,BP,7,3.57,0.001,N,3_10_4_N,3_10_N
3,10,4,PRPE,L,T,E,TE,7,14,0.0154,N,3_10_4_N,3_10_N
3,10,4,PRPE,L,T,E,TE,7,11.48,0.0104,N,3_10_4_N,3_10_N
3,10,4,PRSE,D,B,P,BP,7,5.06,0.002,N,3_10_4_N,3_10_N
3,10,4,QURU,L,B,P,BP,7,3.39,0.0009,N,3_10_4_N,3_10_N
3,10,4,QURU,L,B,E,BE,7,4.18,0.0014,N,3_10_4_N,3_10_N
3,10,4,QURU,L,B,P,BP,7,3.3,0.0009,N,3_10_4_N,3_10_N
3,10,5,LITU,L,B,P,BP,7,2.83,0.0006,N,3_10_5_N,3_10_N
3,10,5,PRSE,L,B,P,BP,7,4.03,0.0013,N,3_10_5_N,3_10_N
3,10,6,PRPE,D,S,P,SP,6,11.52,0.0104,N,3_10_6_N,3_10_N
3,10,8,LITU,L,B,P,BP,7,5.28,0.0022,N,3_10_8_N,3_10_N
3,10,10,PRPE,L,T,E,TE,7,13.64,0.0146,N,3_10_10_N,3_10_N
3,12,2,PRPE,D,T,S,TS,4,9.24,0.0067,Ref,3_12_2_Ref,3_12_Ref
3,12,2,BEAL,L,B,P,BP,7,4.37,0.0015,Ref,3_12_2_Ref,3_12_Ref
3,12,2,BEAL,L,B,P,BP,7,5.4,0.0023,Ref,3_12_2_Ref,3_12_Ref
3,12,2,BELE,L,B,P,BP,7,3.17,0.0008,Ref,3_12_2_Ref,3_12_Ref
3,12,2,LITU,L,B,P,BP,7,2.96,0.0007,Ref,3_12_2_Ref,3_12_Ref
3,12,2,MAFR,L,B,P,BP,7,4.73,0.0018,Ref,3_12_2_Ref,3_12_Ref
3,12,2,PRPE,D,B,P,BP,7,5,0.002,Ref,3_12_2_Ref,3_12_Ref
3,12,2,PRPE,L,T,P,TP,7,9.44,0.007,Ref,3_12_2_Ref,3_12_Ref
3,12,2,PRPE,L,T,E,TE,7,6.49,0.0033,Ref,3_12_2_Ref,3_12_Ref
3,12,2,PRPE,L,B,P,BP,7,6.7,0.0035,Ref,3_12_2_Ref,3_12_Ref
3,12,4,BELE,L,B,M,BM,3,5.47,0.0023,Ref,3_12_4_Ref,3_12_Ref
3,12,4,BELE,L,B,M,BM,3,8.22,0.0053,Ref,3_12_4_Ref,3_12_Ref
3,12,4,BELE,L,B,M,BM,3,4.73,0.0018,Ref,3_12_4_Ref,3_12_Ref
3,12,4,BELE,L,B,M,BM,3,7.41,0.0043,Ref,3_12_4_Ref,3_12_Ref
3,12,4,LITU,L,B,M,BM,3,3.78,0.0011,Ref,3_12_4_Ref,3_12_Ref
3,12,4,PRPE,L,B,M,BM,3,7.11,0.004,Ref,3_12_4_Ref,3_12_Ref
3,12,4,PRPE,D,B,S,BS,3,3.62,0.001,Ref,3_12_4_Ref,3_12_Ref
3,12,4,PRPE,L,B,S,BS,3,5.37,0.0023,Ref,3_12_4_Ref,3_12_Ref
3,12,4,PRPE,D,B,M,BM,3,6.47,0.0033,Ref,3_12_4_Ref,3_12_Ref
3,12,4,PRPE,L,B,M,BM,3,9.83,0.0076,Ref,3_12_4_Ref,3_12_Ref
3,12,4,PRPE,L,B,M,BM,3,9.5,0.0071,Ref,3_12_4_Ref,3_12_Ref
3,12,4,PRPE,L,B,M,BM,3,8.07,0.0051,Ref,3_12_4_Ref,3_12_Ref
3,12,4,PRPE,L,T,S,TS,4,11.03,0.0096,Ref,3_12_4_Ref,3_12_Ref
3,12,4,BELE,L,B,E,BE,7,6.85,0.0037,Ref,3_12_4_Ref,3_12_Ref
3,12,4,BELE,L,B,E,BE,7,5.19,0.0021,Ref,3_12_4_Ref,3_12_Ref
3,12,4,MAFD,L,B,E,BE,7,3.27,0.0008,Ref,3_12_4_Ref,3_12_Ref
3,12,4,PRPE,L,B,E,BE,7,4.96,0.0019,Ref,3_12_4_Ref,3_12_Ref
3,12,4,PRPE,D,T,E,TE,7,11.51,0.0104,Ref,3_12_4_Ref,3_12_Ref
3,12,4,PRPE,D,B,P,BP,7,5.06,0.002,Ref,3_12_4_Ref,3_12_Ref
3,12,6,PRPE,D,B,S,BS,3,3.83,0.0012,Ref,3_12_6_Ref,3_12_Ref
3,12,6,PRPE,L,B,M,BM,3,7.17,0.004,Ref,3_12_6_Ref,3_12_Ref
3,12,6,PRPE,L,B,M,BM,3,6.59,0.0034,Ref,3_12_6_Ref,3_12_Ref
3,12,6,PRPE,D,S,P,SP,6,4.81,0.0018,Ref,3_12_6_Ref,3_12_Ref
3,12,6,PRPE,L,S,P,SP,6,5.09,0.002,Ref,3_12_6_Ref,3_12_Ref
3,12,6,PRPE,D,S,P,SP,6,10.77,0.0091,Ref,3_12_6_Ref,3_12_Ref
3,12,6,ACRU,L,B,P,BP,7,3.21,0.0008,Ref,3_12_6_Ref,3_12_Ref
3,12,6,LITU,L,B,P,BP,7,3.02,0.0007,Ref,3_12_6_Ref,3_12_Ref
3,12,6,PRPE,D,T,E,TE,7,7.71,0.0047,Ref,3_12_6_Ref,3_12_Ref
3,12,7,PRPE,L,B,S,BS,3,4.78,0.0018,Ref,3_12_7_Ref,3_12_Ref
3,12,7,PRPE,L,B,S,BS,3,6.58,0.0034,Ref,3_12_7_Ref,3_12_Ref
3,12,7,PRPE,D,B,S,BS,3,3.29,0.0009,Ref,3_12_7_Ref,3_12_Ref
3,12,7,PRPE,L,B,M,BM,3,5.82,0.0027,Ref,3_12_7_Ref,3_12_Ref
3,12,7,ACRU,L,B,P,BP,7,2.91,0.0007,Ref,3_12_7_Ref,3_12_Ref
3,12,7,ACRU,L,B,P,BP,7,2.82,0.0006,Ref,3_12_7_Ref,3_12_Ref
3,12,7,PRPE,D,T,E,TE,7,6,0.0028,Ref,3_12_7_Ref,3_12_Ref
3,12,7,QURU,L,B,P,BP,7,3.06,0.0007,Ref,3_12_7_Ref,3_12_Ref
3,12,8,LITU,L,B,S,BS,3,5.07,0.002,Ref,3_12_8_Ref,3_12_Ref
3,12,8,PRPE,L,B,S,BS,3,10.49,0.0086,Ref,3_12_8_Ref,3_12_Ref
3,12,8,PRPE,L,B,M,BM,3,5.87,0.0027,Ref,3_12_8_Ref,3_12_Ref
3,12,8,PRPE,D,B,S,BS,3,3.82,0.0011,Ref,3_12_8_Ref,3_12_Ref
3,12,8,PRPE,L,B,M,BM,3,7.91,0.0049,Ref,3_12_8_Ref,3_12_Ref
3,12,8,PRPE,L,B,M,BM,3,4.52,0.0016,Ref,3_12_8_Ref,3_12_Ref
3,12,8,PRPE,L,B,M,BM,3,5.95,0.0028,Ref,3_12_8_Ref,3_12_Ref
3,12,8,SAAL,L,B,S,BS,3,3.09,0.0007,Ref,3_12_8_Ref,3_12_Ref
3,12,8,PRPE,L,T,S,TS,4,10.12,0.008,Ref,3_12_8_Ref,3_12_Ref
3,12,8,PRPE,L,T,S,TS,4,10.67,0.0089,Ref,3_12_8_Ref,3_12_Ref
3,12,8,PRPE,L,T,S,TS,4,7.14,0.004,Ref,3_12_8_Ref,3_12_Ref
3,12,8,BELE,L,B,P,BP,7,8.79,0.0061,Ref,3_12_8_Ref,3_12_Ref
3,12,8,LITU,L,B,E,BE,7,4.23,0.0014,Ref,3_12_8_Ref,3_12_Ref
3,12,8,LITU,L,B,P,BP,7,3.24,0.0008,Ref,3_12_8_Ref,3_12_Ref
3,12,8,PRPE,D,T,P,TP,7,5.61,0.0025,Ref,3_12_8_Ref,3_12_Ref
3,12,8,PRPE,D,T,E,TE,7,2.74,0.0006,Ref,3_12_8_Ref,3_12_Ref
3,12,8,PRPE,D,T,E,TE,7,2.97,0.0007,Ref,3_12_8_Ref,3_12_Ref
3,12,8,PRPE,D,T,P,TP,7,4.86,0.0019,Ref,3_12_8_Ref,3_12_Ref
3,12,8,PRPE,D,B,P,BP,7,3.7,0.0011,Ref,3_12_8_Ref,3_12_Ref
3,12,8,PRSE,L,B,E,BE,7,3.16,0.0008,Ref,3_12_8_Ref,3_12_Ref
3,12,10,PRSE,D,B,E,BE,7,3.02,0.0007,Ref,3_12_10_Ref,3_12_Ref
4,13,3,BELE,L,B,S,BS,3,3.38,0.0009,N,4_13_3_N,4_13_N
4,13,3,PRPE,D,B,S,BS,3,4.92,0.0019,N,4_13_3_N,4_13_N
4,13,3,PRPE,D,B,M,BM,3,4.2,0.0014,N,4_13_3_N,4_13_N
4,13,3,PRPE,D,B,P,BP,7,7.02,0.0039,N,4_13_3_N,4_13_N
4,13,4,BELE,L,B,S,BS,3,5.4,0.0023,N,4_13_4_N,4_13_N
4,13,4,PRPE,D,B,S,BS,3,4,0.0013,N,4_13_4_N,4_13_N
4,13,4,PRPE,D,S,P,SP,6,5.18,0.0021,N,4_13_4_N,4_13_N
4,13,4,BELE,L,B,P,BP,7,5.32,0.0022,N,4_13_4_N,4_13_N
4,13,5,BELE,L,B,S,BS,3,3.15,0.0008,N,4_13_5_N,4_13_N
4,13,5,PRPE,L,B,M,BM,3,6.09,0.0029,N,4_13_5_N,4_13_N
4,13,5,PRPE,D,S,P,SP,6,15.23,0.0182,N,4_13_5_N,4_13_N
4,13,5,BELE,L,B,E,BE,7,3.49,0.001,N,4_13_5_N,4_13_N
4,13,5,PRPE,D,B,P,BP,7,5.53,0.0024,N,4_13_5_N,4_13_N
4,13,6,PRPE,D,B,S,BS,3,7.39,0.0043,N,4_13_6_N,4_13_N
4,13,6,PRPE,D,B,S,BS,3,3.17,0.0008,N,4_13_6_N,4_13_N
4,13,6,PRPE,D,B,M,BM,3,3.56,0.001,N,4_13_6_N,4_13_N
4,13,6,PRPE,D,B,S,BS,3,5.18,0.0021,N,4_13_6_N,4_13_N
4,13,6,PRPE,D,B,S,BS,3,4.37,0.0015,N,4_13_6_N,4_13_N
4,13,6,PRPE,D,B,S,BS,3,3.42,0.0009,N,4_13_6_N,4_13_N
4,13,6,QURU,L,B,S,BS,3,3.72,0.0011,N,4_13_6_N,4_13_N
4,13,6,PRPE,D,S,P,SP,6,8.9,0.0062,N,4_13_6_N,4_13_N
4,13,6,PRPE,D,S,P,SP,6,3.98,0.0012,N,4_13_6_N,4_13_N
4,13,6,ACPE,L,T,E,TE,7,2.69,0.0006,N,4_13_6_N,4_13_N
4,13,6,BELE,L,B,E,BE,7,3.08,0.0007,N,4_13_6_N,4_13_N
4,13,6,PRPE,D,B,P,BP,7,3.19,0.0008,N,4_13_6_N,4_13_N
4,13,6,PRPE,D,B,P,BP,7,5.21,0.0021,N,4_13_6_N,4_13_N
4,13,6,PRPE,D,B,P,BP,7,5.68,0.0025,N,4_13_6_N,4_13_N
4,13,8,BELE,L,B,P,BP,7,4.73,0.0018,N,4_13_8_N,4_13_N
4,13,10,PRPE,D,S,P,SP,6,18.41,0.0266,N,4_13_10_N,4_13_N
4,14,1,PRPE,L,B,M,BM,3,12.17,0.0116,NL,4_14_1_NL,4_14_NL
4,14,1,PRPE,L,B,M,BM,3,12.12,0.0115,NL,4_14_1_NL,4_14_NL
4,14,1,PRPE,L,B,M,BM,3,5.4,0.0023,NL,4_14_1_NL,4_14_NL
4,14,1,PRPE,L,S,E,SE,6,10.31,0.0083,NL,4_14_1_NL,4_14_NL
4,14,1,PRSE,L,B,P,BP,7,3.47,0.0009,NL,4_14_1_NL,4_14_NL
4,14,1,QURU,L,B,P,BP,7,4.49,0.0016,NL,4_14_1_NL,4_14_NL
4,14,1,PRPE,D,B,,B,NA,4.64,0.0017,NL,4_14_1_NL,4_14_NL
4,14,2,PRPE,L,B,M,BM,3,4.21,0.0014,NL,4_14_2_NL,4_14_NL
4,14,2,PRPE,L,B,S,BS,3,10.49,0.0086,NL,4_14_2_NL,4_14_NL
4,14,2,PRPE,L,B,M,BM,3,4.39,0.0015,NL,4_14_2_NL,4_14_NL
4,14,2,PRPE,L,B,M,BM,3,4.36,0.0015,NL,4_14_2_NL,4_14_NL
4,14,2,PRPE,L,B,M,BM,3,10.54,0.0087,NL,4_14_2_NL,4_14_NL
4,14,2,PRPE,D,B,S,BS,3,5.4,0.0023,NL,4_14_2_NL,4_14_NL
4,14,2,PRPE,L,B,M,BM,3,4.92,0.0019,NL,4_14_2_NL,4_14_NL
4,14,2,PRPE,D,B,M,BM,3,4.61,0.0017,NL,4_14_2_NL,4_14_NL
4,14,2,PRSE,L,B,M,BM,3,3.07,0.0007,NL,4_14_2_NL,4_14_NL
4,14,2,PRSE,L,B,M,BM,3,3.53,0.001,NL,4_14_2_NL,4_14_NL
4,14,2,PRPE,D,T,S,TS,4,3.1,0.0008,NL,4_14_2_NL,4_14_NL
4,14,2,PRPE,D,T,S,TS,4,4.19,0.0014,NL,4_14_2_NL,4_14_NL
4,14,2,PRPE,D,S,P,SP,6,3.71,0.0011,NL,4_14_2_NL,4_14_NL
4,14,2,ACPE,L,B,E,BE,7,2.79,0.0006,NL,4_14_2_NL,4_14_NL
4,14,2,PRPE,L,B,P,BP,7,5.82,0.0027,NL,4_14_2_NL,4_14_NL
4,14,2,PRPE,L,T,E,TE,7,4.29,0.0014,NL,4_14_2_NL,4_14_NL
4,14,2,PRPE,L,B,E,BE,7,5.13,0.0021,NL,4_14_2_NL,4_14_NL
4,14,2,PRPE,D,T,E,TE,7,5.37,0.0023,NL,4_14_2_NL,4_14_NL
4,14,2,PRPE,D,T,E,TE,7,6.41,0.0032,NL,4_14_2_NL,4_14_NL
4,14,2,PRPE,D,T,P,TP,7,5.34,0.0022,NL,4_14_2_NL,4_14_NL
4,14,2,PRSE,L,B,P,BP,7,4.62,0.0017,NL,4_14_2_NL,4_14_NL
4,14,2,PRSE,L,B,P,BP,7,3.2,0.0008,NL,4_14_2_NL,4_14_NL
4,14,2,PRSE,L,B,P,BP,7,2.67,0.0006,NL,4_14_2_NL,4_14_NL
4,14,4,ACPE,L,B,S,BS,3,4.53,0.0016,NL,4_14_4_NL,4_14_NL
4,14,4,BELE,L,B,S,BS,3,3.41,0.0009,NL,4_14_4_NL,4_14_NL
4,14,4,PRPE,D,B,S,BS,3,4.37,0.0015,NL,4_14_4_NL,4_14_NL
4,14,4,PRPE,D,B,M,BM,3,4.19,0.0014,NL,4_14_4_NL,4_14_NL
4,14,4,PRPE,L,B,M,BM,3,5.93,0.0028,NL,4_14_4_NL,4_14_NL
4,14,4,PRPE,L,B,S,BS,3,3.47,0.0009,NL,4_14_4_NL,4_14_NL
4,14,4,PRPE,D,S,P,SP,6,4,0.0013,NL,4_14_4_NL,4_14_NL
4,14,4,PRPE,D,S,P,SP,6,3.06,0.0007,NL,4_14_4_NL,4_14_NL
4,14,4,PRPE,D,B,P,BP,7,3.61,0.001,NL,4_14_4_NL,4_14_NL
4,14,4,PRPE,D,T,P,TP,7,3.14,0.0008,NL,4_14_4_NL,4_14_NL
4,14,4,PRPE,D,B,P,BP,7,5.97,0.0028,NL,4_14_4_NL,4_14_NL
4,14,4,PRPE,D,B,P,BP,7,3.01,0.0007,NL,4_14_4_NL,4_14_NL
4,14,4,PRPE,L,B,P,BP,7,6.32,0.0031,NL,4_14_4_NL,4_14_NL
4,14,4,PRPE,D,B,P,BP,7,4.38,0.0015,NL,4_14_4_NL,4_14_NL
4,14,4,PRPE,L,B,P,BP,7,7.58,0.0045,NL,4_14_4_NL,4_14_NL
4,14,4,PRPE,L,B,P,BP,7,5.69,0.0025,NL,4_14_4_NL,4_14_NL
4,14,4,PRPE,D,B,P,BP,7,4.31,0.0015,NL,4_14_4_NL,4_14_NL
4,14,4,PRPE,S,B,P,BP,7,2.87,0.0006,NL,4_14_4_NL,4_14_NL
4,14,7,ACPE,L,B,M,BM,3,2.62,0.0005,NL,4_14_7_NL,4_14_NL
4,14,7,PRPE,L,B,S,BS,3,6.78,0.0036,NL,4_14_7_NL,4_14_NL
4,14,7,PRPE,L,B,S,BS,3,5.13,0.0021,NL,4_14_7_NL,4_14_NL
4,14,7,PRPE,L,B,M,BM,3,9.31,0.0068,NL,4_14_7_NL,4_14_NL
4,14,7,PRPE,L,B,M,BM,3,13.09,0.0135,NL,4_14_7_NL,4_14_NL
4,14,7,PRPE,L,B,M,BM,3,6.9,0.0037,NL,4_14_7_NL,4_14_NL
4,14,7,PRPE,L,B,M,BM,3,4.78,0.0018,NL,4_14_7_NL,4_14_NL
4,14,7,PRPE,L,B,M,BM,3,5.26,0.0022,NL,4_14_7_NL,4_14_NL
4,14,7,PRPE,L,B,M,BM,3,5.78,0.0026,NL,4_14_7_NL,4_14_NL
4,14,7,PRPE,L,S,P,SP,6,13.71,0.0148,NL,4_14_7_NL,4_14_NL
4,14,7,PRPE,D,S,P,SP,6,12.4,0.0121,NL,4_14_7_NL,4_14_NL
4,14,7,PRPE,D,B,P,BP,7,3.92,0.0012,NL,4_14_7_NL,4_14_NL
4,14,8,PRPE,L,B,S,BS,3,6.64,0.0035,NL,4_14_8_NL,4_14_NL
4,14,8,PRPE,D,B,S,BS,3,5.38,0.0023,NL,4_14_8_NL,4_14_NL
4,14,8,PRPE,D,B,S,BS,3,3.28,0.0008,NL,4_14_8_NL,4_14_NL
4,14,8,PRPE,D,B,S,BS,3,3.23,0.0008,NL,4_14_8_NL,4_14_NL
4,14,8,PRPE,L,B,M,BM,3,6.32,0.0031,NL,4_14_8_NL,4_14_NL
4,14,8,PRPE,L,B,M,BM,3,10.01,0.0079,NL,4_14_8_NL,4_14_NL
4,14,8,PRPE,L,B,M,BM,3,5.88,0.0027,NL,4_14_8_NL,4_14_NL
4,14,8,PRPE,D,B,M,BM,3,7.63,0.0046,NL,4_14_8_NL,4_14_NL
4,14,8,PRPE,L,B,S,BS,3,8.52,0.0057,NL,4_14_8_NL,4_14_NL
4,14,8,PRSE,L,B,M,BM,3,3.34,0.0009,NL,4_14_8_NL,4_14_NL
4,14,8,PRPE,D,S,P,SP,6,4.71,0.0017,NL,4_14_8_NL,4_14_NL
4,14,8,PRPE,D,S,P,SP,6,7,0.0038,NL,4_14_8_NL,4_14_NL
4,14,8,PRPE,D,S,P,SP,6,10.31,0.0083,NL,4_14_8_NL,4_14_NL
4,14,8,PRPE,D,S,P,SP,6,6.51,0.0033,NL,4_14_8_NL,4_14_NL
4,14,8,PRPE,L,B,P,BP,7,8.78,0.0061,NL,4_14_8_NL,4_14_NL
4,14,9,PRPE,L,B,M,BM,3,7.68,0.0046,NL,4_14_9_NL,4_14_NL
4,14,9,PRPE,L,B,S,BS,3,7.38,0.0043,NL,4_14_9_NL,4_14_NL
4,14,9,PRPE,D,B,M,BM,3,3.03,0.0007,NL,4_14_9_NL,4_14_NL
4,14,9,PRPE,D,B,S,BS,3,3.41,0.0009,NL,4_14_9_NL,4_14_NL
4,14,9,PRPE,L,B,S,BS,3,6.54,0.0034,NL,4_14_9_NL,4_14_NL
4,14,9,PRPE,L,B,S,BS,3,3.38,0.0009,NL,4_14_9_NL,4_14_NL
4,14,9,PRPE,L,B,M,BM,3,3.91,0.0012,NL,4_14_9_NL,4_14_NL
4,14,9,PRPE,D,B,S,BS,3,3.21,0.0008,NL,4_14_9_NL,4_14_NL
4,14,9,PRPE,D,T,S,TS,4,5.59,0.0025,NL,4_14_9_NL,4_14_NL
4,14,9,PRPE,D,S,S,SS,5,8.71,0.006,NL,4_14_9_NL,4_14_NL
4,14,9,PRPE,D,S,S,SS,5,4.62,0.0017,NL,4_14_9_NL,4_14_NL
4,14,9,PRPE,D,S,P,SP,6,4.28,0.0014,NL,4_14_9_NL,4_14_NL
4,14,9,PRPE,D,S,E,SE,6,8.22,0.0053,NL,4_14_9_NL,4_14_NL
4,14,9,PRPE,D,S,P,SP,6,3.16,0.0008,NL,4_14_9_NL,4_14_NL
4,14,9,PRPE,D,S,P,SP,6,10.83,0.0092,NL,4_14_9_NL,4_14_NL
4,14,9,PRPE,D,S,P,SP,6,3.9,0.0012,NL,4_14_9_NL,4_14_NL
4,14,9,PRPE,D,S,P,SP,6,3.5,0.001,NL,4_14_9_NL,4_14_NL
4,14,9,PRPE,D,B,P,BP,7,3.21,0.0008,NL,4_14_9_NL,4_14_NL
4,14,9,PRPE,D,B,P,BP,7,3.12,0.0008,NL,4_14_9_NL,4_14_NL
4,14,9,PRPE,D,B,P,BP,7,5.21,0.0021,NL,4_14_9_NL,4_14_NL
4,14,9,PRPE,D,T,P,TP,7,8.97,0.0063,NL,4_14_9_NL,4_14_NL
4,14,9,PRPE,D,T,P,TP,7,6.21,0.003,NL,4_14_9_NL,4_14_NL
4,14,9,PRPE,D,B,P,BP,7,5.52,0.0024,NL,4_14_9_NL,4_14_NL
4,14,9,PRPE,L,T,P,TP,7,8.7,0.0059,NL,4_14_9_NL,4_14_NL
4,14,9,PRPE,L,T,P,TP,7,13.14,0.0136,NL,4_14_9_NL,4_14_NL
4,14,9,PRPE,D,B,E,BE,7,4.57,0.0016,NL,4_14_9_NL,4_14_NL
4,14,9,PRPE,D,B,P,BP,7,3.92,0.0012,NL,4_14_9_NL,4_14_NL
4,14,9,PRPE,L,B,E,BE,7,6.42,0.0032,NL,4_14_9_NL,4_14_NL
4,14,9,PRSE,L,B,P,BP,7,3.62,0.001,NL,4_14_9_NL,4_14_NL
4,14,9,PRSE,L,B,P,BP,7,3.21,0.0008,NL,4_14_9_NL,4_14_NL